Workbook

Sheet 30 DAYS
A1: Họ tên | B1: Ngô Thanh
A3: Năm | B3: 2025
A4: Tháng | B4: 5
A6: STT | B6: Day | C6: =DATE(B3,B4,1) -> 45778 | D6: 4 | E6: 7 | F6: 11 | G6: =F6+1 -> 12 | H6: =G6+1 -> 13 | I6: =H6+1 -> 14 | J6: =I6+1 -> 15 | K6: =J6+1 -> 16 | L6: =K6+1 -> 17 | M6: =L6+1 -> 18 | N6: =M6+1 -> 19 | ... P6: =O6+1 -> 21 | Q6: TỔNG
B7: Thứ | C7: =IF(C6="","",CHOOSE(WEEKDAY(C6),"CN","T2","T3","T4","T5","T6","T7")) -> T5 | D7: =IF(D6="","",CHOOSE(WEEKDAY(D6),"CN","T2","T3","T4","T5","T6","T7")) -> T4 | E7: =IF(E6="","",CHOOSE(WEEKDAY(E6),"CN","T2","T3","T4","T5","T6","T7")) -> T7 | F7: =IF(F6="","",CHOOSE(WEEKDAY(F6),"CN","T2","T3","T4","T5","T6","T7")) -> T4 | G7: =IF(G6="","",CHOOSE(WEEKDAY(G6),"CN","T2","T3","T4","T5","T6","T7")) -> T5 | H7: =IF(H6="","",CHOOSE(WEEKDAY(H6),"CN","T2","T3","T4","T5","T6","T7")) -> T6 | I7: =IF(I6="","",CHOOSE(WEEKDAY(I6),"CN","T2","T3","T4","T5","T6","T7")) -> T7 | J7: =IF(J6="","",CHOOSE(WEEKDAY(J6),"CN","T2","T3","T4","T5","T6","T7")) -> CN | ... P7: =IF(P6="","",CHOOSE(WEEKDAY(P6),"CN","T2","T3","T4","T5","T6","T7")) -> T7
A8: 1 | B8: Đi học đầy đủ | C8: TRUE | D8: FALSE | E8: TRUE | F8: TRUE | G8: TRUE | H8: TRUE | I8: FALSE | J8: TRUE | K8: FALSE | L8: TRUE | M8: TRUE | N8: TRUE | O8: TRUE | P8: TRUE | Q8: =COUNTIF(C8:P8,"TRUE") -> 11
A9: 2 | B9: Nhớ từ vựng | C9: TRUE | D9: FALSE | E9: TRUE | F9: TRUE | G9: FALSE | H9: TRUE | I9: FALSE | J9: FALSE | K9: FALSE | L9: FALSE | M9: FALSE | N9: FALSE | O9: FALSE | P9: FALSE | Q9: =COUNTIF(C9:P9,"TRUE") -> 4
A10: 3 | B10: Role-play với bạn | C10: TRUE | D10: FALSE | E10: TRUE | F10: TRUE | G10: TRUE | H10: TRUE | I10: FALSE | J10: FALSE | K10: FALSE | L10: FALSE | M10: FALSE | N10: FALSE | O10: FALSE | P10: FALSE | Q10: =COUNTIF(C10:P10,"TRUE") -> 5
A11: 4 | B11: BTVN quay video | C11: TRUE | D11: FALSE | E11: FALSE | F11: TRUE | G11: FALSE | H11: TRUE | I11: FALSE | J11: FALSE | K11: FALSE | L11: FALSE | M11: FALSE | N11: FALSE | O11: FALSE | P11: FALSE | Q11: =COUNTIF(C11:P11,"TRUE") -> 3
A12: 5 | B12: BTVN học Quizlet | C12: TRUE | D12: FALSE | E12: FALSE | F12: FALSE | G12: FALSE | H12: TRUE | I12: FALSE | J12: FALSE | K12: FALSE | L12: FALSE | M12: FALSE | N12: FALSE | O12: FALSE | P12: FALSE | Q12: =COUNTIF(C12:P12,"TRUE") -> 2
A13: 6 | C13: TRUE | D13: FALSE | E13: FALSE | F13: FALSE | G13: FALSE | H13: TRUE | I13: FALSE | J13: FALSE | K13: FALSE | L13: FALSE | M13: FALSE | N13: FALSE | O13: FALSE | P13: FALSE | Q13: =COUNTIF(C13:P13,"TRUE") -> 2
A14: 7 | Q14: =COUNTIF(C14:P14,"TRUE") -> 0
B15: Hoàn thành | C15: =COUNTIF(C8:C14,"TRUE") -> 6 | D15: =COUNTIF(D8:D14,"TRUE") -> 0 | E15: =COUNTIF(E8:E14,"TRUE") -> 3 | F15: =COUNTIF(F8:F14,"TRUE") -> 4 | G15: =COUNTIF(G8:G14,"TRUE") -> 2 | H15: =COUNTIF(H8:H14,"TRUE") -> 6 | I15: =COUNTIF(I8:I14,"TRUE") -> 0 | J15: =COUNTIF(J8:J14,"TRUE") -> 1 | ... P15: =COUNTIF(P8:P14,"TRUE") -> 1 | Q15: =SUM(C15:P15) -> 27
B16: Chưa hoàn thành | C16: =COUNTIF(C8:C14,"FALSE") -> 0 | D16: =COUNTIF(D8:D14,"FALSE") -> 6 | E16: =COUNTIF(E8:E14,"FALSE") -> 3 | F16: =COUNTIF(F8:F14,"FALSE") -> 2 | G16: =COUNTIF(G8:G14,"FALSE") -> 4 | H16: =COUNTIF(H8:H14,"FALSE") -> 0 | I16: =COUNTIF(I8:I14,"FALSE") -> 6 | J16: =COUNTIF(J8:J14,"FALSE") -> 5 | ... P16: =COUNTIF(P8:P14,"FALSE") -> 5 | Q16: =SUM(C16:P16) -> 57
B17: Tỉ lệ hoàn thành | C17: =C15/(C15+C16) -> 1 | D17: =D15/(D15+D16) -> 0 | E17: =E15/(E15+E16) -> 0.5 | F17: =F15/(F15+F16) -> 0.66666667 | G17: =G15/(G15+G16) -> 0.33333333 | H17: =H15/(H15+H16) -> 1 | I17: =I15/(I15+I16) -> 0 | J17: =J15/(J15+J16) -> 0.16666667 | ... Q17: =Q15/(Q15+Q16) -> 0.32142857
B18: Trạng thái | C18: =IF(C17<25%,'biểu tượng'!$A3,IF(AND(C17>=25%,C17<50%),'biểu tượng'!$A4,IF(AND(C17>=50%,C17<75%),'biểu tượng'!$A5,IF(AND(C17>=75%,C17<98%),'biểu tượng'!$A6,IF(C17>98%,'biểu tượng'!$A7,""))))) | D18: =IF(D17<25%,'biểu tượng'!$A3,IF(AND(D17>=25%,D17<50%),'biểu tượng'!$A4,IF(AND(D17>=50%,D17<75%),'biểu tượng'!$A5,IF(AND(D17>=75%,D17<98%),'biểu tượng'!$A6,IF(D17>98%,'biểu tượng'!$A7,""))))) | E18: =IF(E17<25%,'biểu tượng'!$A3,IF(AND(E17>=25%,E17<50%),'biểu tượng'!$A4,IF(AND(E17>=50%,E17<75%),'biểu tượng'!$A5,IF(AND(E17>=75%,E17<98%),'biểu tượng'!$A6,IF(E17>98%,'biểu tượng'!$A7,""))))) | F18: =IF(F17<25%,'biểu tượng'!$A3,IF(AND(F17>=25%,F17<50%),'biểu tượng'!$A4,IF(AND(F17>=50%,F17<75%),'biểu tượng'!$A5,IF(AND(F17>=75%,F17<98%),'biểu tượng'!$A6,IF(F17>98%,'biểu tượng'!$A7,""))))) | G18: =IF(G17<25%,'biểu tượng'!$A3,IF(AND(G17>=25%,G17<50%),'biểu tượng'!$A4,IF(AND(G17>=50%,G17<75%),'biểu tượng'!$A5,IF(AND(G17>=75%,G17<98%),'biểu tượng'!$A6,IF(G17>98%,'biểu tượng'!$A7,""))))) | H18: =IF(H17<25%,'biểu tượng'!$A3,IF(AND(H17>=25%,H17<50%),'biểu tượng'!$A4,IF(AND(H17>=50%,H17<75%),'biểu tượng'!$A5,IF(AND(H17>=75%,H17<98%),'biểu tượng'!$A6,IF(H17>98%,'biểu tượng'!$A7,""))))) | I18: =IF(I17<25%,'biểu tượng'!$A3,IF(AND(I17>=25%,I17<50%),'biểu tượng'!$A4,IF(AND(I17>=50%,I17<75%),'biểu tượng'!$A5,IF(AND(I17>=75%,I17<98%),'biểu tượng'!$A6,IF(I17>98%,'biểu tượng'!$A7,""))))) | J18: =IF(J17<25%,'biểu tượng'!$A3,IF(AND(J17>=25%,J17<50%),'biểu tượng'!$A4,IF(AND(J17>=50%,J17<75%),'biểu tượng'!$A5,IF(AND(J17>=75%,J17<98%),'biểu tượng'!$A6,IF(J17>98%,'biểu tượng'!$A7,""))))) | ... P18: =IF(P17<25%,'biểu tượng'!$A3,IF(AND(P17>=25%,P17<50%),'biểu tượng'!$A4,IF(AND(P17>=50%,P17<75%),'biểu tượng'!$A5,IF(AND(P17>=75%,P17<98%),'biểu tượng'!$A6,IF(P17>98%,'biểu tượng'!$A7,"")))))

Sheet 002
A1: Họ tên | B1: A
A3: Năm | B3: 2024
A4: Tháng | B4: 7
A6: STT | B6: Day | C6: =DATE(B3,B4,1) -> 45474 | D6: 4 | E6: 7 | F6: 11 | G6: =F6+1 -> 12 | H6: =G6+1 -> 13 | I6: =H6+1 -> 14 | J6: =I6+1 -> 15 | K6: =J6+1 -> 16 | L6: =K6+1 -> 17 | M6: =L6+1 -> 18 | N6: =M6+1 -> 19 | ... P6: =O6+1 -> 21 | Q6: TỔNG
B7: Thứ | C7: =IF(C6="","",CHOOSE(WEEKDAY(C6),"CN","T2","T3","T4","T5","T6","T7")) -> T2 | D7: =IF(D6="","",CHOOSE(WEEKDAY(D6),"CN","T2","T3","T4","T5","T6","T7")) -> T4 | E7: =IF(E6="","",CHOOSE(WEEKDAY(E6),"CN","T2","T3","T4","T5","T6","T7")) -> T7 | F7: =IF(F6="","",CHOOSE(WEEKDAY(F6),"CN","T2","T3","T4","T5","T6","T7")) -> T4 | G7: =IF(G6="","",CHOOSE(WEEKDAY(G6),"CN","T2","T3","T4","T5","T6","T7")) -> T5 | H7: =IF(H6="","",CHOOSE(WEEKDAY(H6),"CN","T2","T3","T4","T5","T6","T7")) -> T6 | I7: =IF(I6="","",CHOOSE(WEEKDAY(I6),"CN","T2","T3","T4","T5","T6","T7")) -> T7 | J7: =IF(J6="","",CHOOSE(WEEKDAY(J6),"CN","T2","T3","T4","T5","T6","T7")) -> CN | ... P7: =IF(P6="","",CHOOSE(WEEKDAY(P6),"CN","T2","T3","T4","T5","T6","T7")) -> T7
A8: 1 | B8: Đi học đầy đủ | C8: TRUE | D8: TRUE | E8: TRUE | F8: TRUE | G8: TRUE | H8: TRUE | I8: TRUE | J8: TRUE | K8: TRUE | L8: TRUE | M8: TRUE | N8: TRUE | O8: TRUE | P8: TRUE | Q8: =COUNTIF(C8:P8,"TRUE") -> 14
A9: 2 | B9: Nhớ từ vựng | C9: FALSE | D9: TRUE | E9: TRUE | F9: TRUE | G9: FALSE | H9: TRUE | I9: FALSE | J9: FALSE | K9: FALSE | L9: FALSE | M9: FALSE | N9: FALSE | O9: FALSE | P9: FALSE | Q9: =COUNTIF(C9:P9,"TRUE") -> 4
A10: 3 | B10: Role-play với bạn | C10: FALSE | D10: TRUE | E10: TRUE | F10: TRUE | G10: TRUE | H10: FALSE | I10: FALSE | J10: FALSE | K10: FALSE | L10: FALSE | M10: FALSE | N10: FALSE | O10: FALSE | P10: FALSE | Q10: =COUNTIF(C10:P10,"TRUE") -> 4
A11: 4 | B11: BTVN quay video | C11: FALSE | D11: FALSE | E11: FALSE | F11: TRUE | G11: FALSE | H11: FALSE | I11: FALSE | J11: FALSE | K11: FALSE | L11: FALSE | M11: FALSE | N11: FALSE | O11: FALSE | P11: FALSE | Q11: =COUNTIF(C11:P11,"TRUE") -> 1
A12: 5 | B12: BTVN học Quizlet | C12: FALSE | D12: FALSE | E12: FALSE | F12: FALSE | G12: FALSE | H12: FALSE | I12: FALSE | J12: FALSE | K12: FALSE | L12: FALSE | M12: FALSE | N12: FALSE | O12: FALSE | P12: FALSE | Q12: =COUNTIF(C12:P12,"TRUE") -> 0
A13: 6 | C13: FALSE | D13: FALSE | E13: FALSE | F13: FALSE | G13: FALSE | H13: FALSE | I13: FALSE | J13: FALSE | K13: FALSE | L13: FALSE | M13: FALSE | N13: FALSE | O13: FALSE | P13: FALSE | Q13: =COUNTIF(C13:P13,"TRUE") -> 0
A14: 7 | Q14: =COUNTIF(C14:P14,"TRUE") -> 0
B15: Hoàn thành | C15: =COUNTIF(C8:C14,"TRUE") -> 1 | D15: =COUNTIF(D8:D14,"TRUE") -> 3 | E15: =COUNTIF(E8:E14,"TRUE") -> 3 | F15: =COUNTIF(F8:F14,"TRUE") -> 4 | G15: =COUNTIF(G8:G14,"TRUE") -> 2 | H15: =COUNTIF(H8:H14,"TRUE") -> 2 | I15: =COUNTIF(I8:I14,"TRUE") -> 1 | J15: =COUNTIF(J8:J14,"TRUE") -> 1 | ... P15: =COUNTIF(P8:P14,"TRUE") -> 1 | Q15: =SUM(C15:P15) -> 23
B16: Chưa hoàn thành | C16: =COUNTIF(C8:C14,"FALSE") -> 5 | D16: =COUNTIF(D8:D14,"FALSE") -> 3 | E16: =COUNTIF(E8:E14,"FALSE") -> 3 | F16: =COUNTIF(F8:F14,"FALSE") -> 2 | G16: =COUNTIF(G8:G14,"FALSE") -> 4 | H16: =COUNTIF(H8:H14,"FALSE") -> 4 | I16: =COUNTIF(I8:I14,"FALSE") -> 5 | J16: =COUNTIF(J8:J14,"FALSE") -> 5 | ... P16: =COUNTIF(P8:P14,"FALSE") -> 5 | Q16: =SUM(C16:P16) -> 61
B17: Tỉ lệ hoàn thành | C17: =C15/(C15+C16) -> 0.16666667 | D17: =D15/(D15+D16) -> 0.5 | E17: =E15/(E15+E16) -> 0.5 | F17: =F15/(F15+F16) -> 0.66666667 | G17: =G15/(G15+G16) -> 0.33333333 | H17: =H15/(H15+H16) -> 0.33333333 | I17: =I15/(I15+I16) -> 0.16666667 | J17: =J15/(J15+J16) -> 0.16666667 | ... Q17: =Q15/(Q15+Q16) -> 0.27380952
B18: Trạng thái | C18: =IF(C17<25%,'biểu tượng'!$A3,IF(AND(C17>=25%,C17<50%),'biểu tượng'!$A4,IF(AND(C17>=50%,C17<75%),'biểu tượng'!$A5,IF(AND(C17>=75%,C17<98%),'biểu tượng'!$A6,IF(C17>98%,'biểu tượng'!$A7,""))))) | D18: =IF(D17<25%,'biểu tượng'!$A3,IF(AND(D17>=25%,D17<50%),'biểu tượng'!$A4,IF(AND(D17>=50%,D17<75%),'biểu tượng'!$A5,IF(AND(D17>=75%,D17<98%),'biểu tượng'!$A6,IF(D17>98%,'biểu tượng'!$A7,""))))) | E18: =IF(E17<25%,'biểu tượng'!$A3,IF(AND(E17>=25%,E17<50%),'biểu tượng'!$A4,IF(AND(E17>=50%,E17<75%),'biểu tượng'!$A5,IF(AND(E17>=75%,E17<98%),'biểu tượng'!$A6,IF(E17>98%,'biểu tượng'!$A7,""))))) | F18: =IF(F17<25%,'biểu tượng'!$A3,IF(AND(F17>=25%,F17<50%),'biểu tượng'!$A4,IF(AND(F17>=50%,F17<75%),'biểu tượng'!$A5,IF(AND(F17>=75%,F17<98%),'biểu tượng'!$A6,IF(F17>98%,'biểu tượng'!$A7,""))))) | G18: =IF(G17<25%,'biểu tượng'!$A3,IF(AND(G17>=25%,G17<50%),'biểu tượng'!$A4,IF(AND(G17>=50%,G17<75%),'biểu tượng'!$A5,IF(AND(G17>=75%,G17<98%),'biểu tượng'!$A6,IF(G17>98%,'biểu tượng'!$A7,""))))) | H18: =IF(H17<25%,'biểu tượng'!$A3,IF(AND(H17>=25%,H17<50%),'biểu tượng'!$A4,IF(AND(H17>=50%,H17<75%),'biểu tượng'!$A5,IF(AND(H17>=75%,H17<98%),'biểu tượng'!$A6,IF(H17>98%,'biểu tượng'!$A7,""))))) | I18: =IF(I17<25%,'biểu tượng'!$A3,IF(AND(I17>=25%,I17<50%),'biểu tượng'!$A4,IF(AND(I17>=50%,I17<75%),'biểu tượng'!$A5,IF(AND(I17>=75%,I17<98%),'biểu tượng'!$A6,IF(I17>98%,'biểu tượng'!$A7,""))))) | J18: =IF(J17<25%,'biểu tượng'!$A3,IF(AND(J17>=25%,J17<50%),'biểu tượng'!$A4,IF(AND(J17>=50%,J17<75%),'biểu tượng'!$A5,IF(AND(J17>=75%,J17<98%),'biểu tượng'!$A6,IF(J17>98%,'biểu tượng'!$A7,""))))) | ... P18: =IF(P17<25%,'biểu tượng'!$A3,IF(AND(P17>=25%,P17<50%),'biểu tượng'!$A4,IF(AND(P17>=50%,P17<75%),'biểu tượng'!$A5,IF(AND(P17>=75%,P17<98%),'biểu tượng'!$A6,IF(P17>98%,'biểu tượng'!$A7,"")))))

Sheet B
A1: Họ tên | B1: A
A3: Năm | B3: 2024
A4: Tháng | B4: 3
A6: STT | B6: Day | C6: =DATE(B3,B4,1) -> 45352 | D6: 4 | E6: 7 | F6: 11 | G6: =F6+1 -> 12 | H6: =G6+1 -> 13 | I6: =H6+1 -> 14 | J6: =I6+1 -> 15 | K6: =J6+1 -> 16 | L6: =K6+1 -> 17 | M6: =L6+1 -> 18 | N6: =M6+1 -> 19 | ... P6: =O6+1 -> 21 | Q6: TỔNG
B7: Thứ | C7: =IF(C6="","",CHOOSE(WEEKDAY(C6),"CN","T2","T3","T4","T5","T6","T7")) -> T6 | D7: =IF(D6="","",CHOOSE(WEEKDAY(D6),"CN","T2","T3","T4","T5","T6","T7")) -> T4 | E7: =IF(E6="","",CHOOSE(WEEKDAY(E6),"CN","T2","T3","T4","T5","T6","T7")) -> T7 | F7: =IF(F6="","",CHOOSE(WEEKDAY(F6),"CN","T2","T3","T4","T5","T6","T7")) -> T4 | G7: =IF(G6="","",CHOOSE(WEEKDAY(G6),"CN","T2","T3","T4","T5","T6","T7")) -> T5 | H7: =IF(H6="","",CHOOSE(WEEKDAY(H6),"CN","T2","T3","T4","T5","T6","T7")) -> T6 | I7: =IF(I6="","",CHOOSE(WEEKDAY(I6),"CN","T2","T3","T4","T5","T6","T7")) -> T7 | J7: =IF(J6="","",CHOOSE(WEEKDAY(J6),"CN","T2","T3","T4","T5","T6","T7")) -> CN | ... P7: =IF(P6="","",CHOOSE(WEEKDAY(P6),"CN","T2","T3","T4","T5","T6","T7")) -> T7
A8: 1 | B8: Đi học đầy đủ | C8: TRUE | D8: FALSE | E8: FALSE | F8: TRUE | G8: TRUE | H8: TRUE | I8: TRUE | J8: TRUE | K8: TRUE | L8: TRUE | M8: TRUE | N8: TRUE | O8: TRUE | P8: TRUE | Q8: =COUNTIF(C8:P8,"TRUE") -> 12
A9: 2 | B9: Nhớ từ vựng | C9: FALSE | D9: FALSE | E9: FALSE | F9: TRUE | G9: FALSE | H9: TRUE | I9: FALSE | J9: FALSE | K9: FALSE | L9: FALSE | M9: FALSE | N9: FALSE | O9: FALSE | P9: FALSE | Q9: =COUNTIF(C9:P9,"TRUE") -> 2
A10: 3 | B10: Role-play với bạn | C10: FALSE | D10: FALSE | E10: FALSE | F10: TRUE | G10: TRUE | H10: FALSE | I10: FALSE | J10: FALSE | K10: FALSE | L10: FALSE | M10: FALSE | N10: FALSE | O10: FALSE | P10: FALSE | Q10: =COUNTIF(C10:P10,"TRUE") -> 2
A11: 4 | B11: BTVN quay video | C11: FALSE | D11: FALSE | E11: FALSE | F11: TRUE | G11: FALSE | H11: FALSE | I11: FALSE | J11: FALSE | K11: FALSE | L11: FALSE | M11: FALSE | N11: FALSE | O11: FALSE | P11: FALSE | Q11: =COUNTIF(C11:P11,"TRUE") -> 1
A12: 5 | B12: BTVN học Quizlet | C12: TRUE | D12: TRUE | E12: TRUE | F12: TRUE | G12: FALSE | H12: TRUE | I12: FALSE | J12: FALSE | K12: FALSE | L12: FALSE | M12: FALSE | N12: FALSE | O12: FALSE | P12: FALSE | Q12: =COUNTIF(C12:P12,"TRUE") -> 5
A13: 6 | C13: FALSE | D13: FALSE | E13: FALSE | F13: FALSE | G13: FALSE | H13: FALSE | I13: FALSE | J13: FALSE | K13: FALSE | L13: FALSE | M13: FALSE | N13: FALSE | O13: FALSE | P13: FALSE | Q13: =COUNTIF(C13:P13,"TRUE") -> 0
A14: 7 | Q14: =COUNTIF(C14:P14,"TRUE") -> 0
B15: Hoàn thành | C15: =COUNTIF(C8:C14,"TRUE") -> 2 | D15: =COUNTIF(D8:D14,"TRUE") -> 1 | E15: =COUNTIF(E8:E14,"TRUE") -> 1 | F15: =COUNTIF(F8:F14,"TRUE") -> 5 | G15: =COUNTIF(G8:G14,"TRUE") -> 2 | H15: =COUNTIF(H8:H14,"TRUE") -> 3 | I15: =COUNTIF(I8:I14,"TRUE") -> 1 | J15: =COUNTIF(J8:J14,"TRUE") -> 1 | ... P15: =COUNTIF(P8:P14,"TRUE") -> 1 | Q15: =SUM(C15:P15) -> 22
B16: Chưa hoàn thành | C16: =COUNTIF(C8:C14,"FALSE") -> 4 | D16: =COUNTIF(D8:D14,"FALSE") -> 5 | E16: =COUNTIF(E8:E14,"FALSE") -> 5 | F16: =COUNTIF(F8:F14,"FALSE") -> 1 | G16: =COUNTIF(G8:G14,"FALSE") -> 4 | H16: =COUNTIF(H8:H14,"FALSE") -> 3 | I16: =COUNTIF(I8:I14,"FALSE") -> 5 | J16: =COUNTIF(J8:J14,"FALSE") -> 5 | ... P16: =COUNTIF(P8:P14,"FALSE") -> 5 | Q16: =SUM(C16:P16) -> 62
B17: Tỉ lệ hoàn thành | C17: =C15/(C15+C16) -> 0.33333333 | D17: =D15/(D15+D16) -> 0.16666667 | E17: =E15/(E15+E16) -> 0.16666667 | F17: =F15/(F15+F16) -> 0.83333333 | G17: =G15/(G15+G16) -> 0.33333333 | H17: =H15/(H15+H16) -> 0.5 | I17: =I15/(I15+I16) -> 0.16666667 | J17: =J15/(J15+J16) -> 0.16666667 | ... Q17: =Q15/(Q15+Q16) -> 0.26190476
B18: Trạng thái | C18: =IF(C17<25%,'biểu tượng'!$A3,IF(AND(C17>=25%,C17<50%),'biểu tượng'!$A4,IF(AND(C17>=50%,C17<75%),'biểu tượng'!$A5,IF(AND(C17>=75%,C17<98%),'biểu tượng'!$A6,IF(C17>98%,'biểu tượng'!$A7,""))))) | D18: =IF(D17<25%,'biểu tượng'!$A3,IF(AND(D17>=25%,D17<50%),'biểu tượng'!$A4,IF(AND(D17>=50%,D17<75%),'biểu tượng'!$A5,IF(AND(D17>=75%,D17<98%),'biểu tượng'!$A6,IF(D17>98%,'biểu tượng'!$A7,""))))) | E18: =IF(E17<25%,'biểu tượng'!$A3,IF(AND(E17>=25%,E17<50%),'biểu tượng'!$A4,IF(AND(E17>=50%,E17<75%),'biểu tượng'!$A5,IF(AND(E17>=75%,E17<98%),'biểu tượng'!$A6,IF(E17>98%,'biểu tượng'!$A7,""))))) | F18: =IF(F17<25%,'biểu tượng'!$A3,IF(AND(F17>=25%,F17<50%),'biểu tượng'!$A4,IF(AND(F17>=50%,F17<75%),'biểu tượng'!$A5,IF(AND(F17>=75%,F17<98%),'biểu tượng'!$A6,IF(F17>98%,'biểu tượng'!$A7,""))))) | G18: =IF(G17<25%,'biểu tượng'!$A3,IF(AND(G17>=25%,G17<50%),'biểu tượng'!$A4,IF(AND(G17>=50%,G17<75%),'biểu tượng'!$A5,IF(AND(G17>=75%,G17<98%),'biểu tượng'!$A6,IF(G17>98%,'biểu tượng'!$A7,""))))) | H18: =IF(H17<25%,'biểu tượng'!$A3,IF(AND(H17>=25%,H17<50%),'biểu tượng'!$A4,IF(AND(H17>=50%,H17<75%),'biểu tượng'!$A5,IF(AND(H17>=75%,H17<98%),'biểu tượng'!$A6,IF(H17>98%,'biểu tượng'!$A7,""))))) | I18: =IF(I17<25%,'biểu tượng'!$A3,IF(AND(I17>=25%,I17<50%),'biểu tượng'!$A4,IF(AND(I17>=50%,I17<75%),'biểu tượng'!$A5,IF(AND(I17>=75%,I17<98%),'biểu tượng'!$A6,IF(I17>98%,'biểu tượng'!$A7,""))))) | J18: =IF(J17<25%,'biểu tượng'!$A3,IF(AND(J17>=25%,J17<50%),'biểu tượng'!$A4,IF(AND(J17>=50%,J17<75%),'biểu tượng'!$A5,IF(AND(J17>=75%,J17<98%),'biểu tượng'!$A6,IF(J17>98%,'biểu tượng'!$A7,""))))) | ... P18: =IF(P17<25%,'biểu tượng'!$A3,IF(AND(P17>=25%,P17<50%),'biểu tượng'!$A4,IF(AND(P17>=50%,P17<75%),'biểu tượng'!$A5,IF(AND(P17>=75%,P17<98%),'biểu tượng'!$A6,IF(P17>98%,'biểu tượng'!$A7,"")))))

Sheet HDSD lịch
A3: Cách dùng:
A4: - B1: Make a copy (Nhân bản trang tính) để bạn có thể chỉnh sửa được nha. (Bạn ấn vào nút File (Tệp) - góc gần bên tay trái màn hình -> Ấn vào Make a copy (Tạo bản sao)
A5: - B2: Hãy ghi các thói quen mà bạn muốn thực hiện vào cột Habit
A6: - B3: Cuối ngày, hãy vào Trang tính và tick vào các thói quen mà bạn đã hoàn thành
A7: - B4: Đủ 7 tick là chú mèo của bạn sẽ được thay đổi cảm xúc (với pink version), và Sung Ji Woo được thăng cấp (với grey version)

Sheet biểu tượng
A2: CAT
